Country/Region,Province/State,1/22/20,1/23/20,1/24/20,1/25/20,1/26/20,1/27/20,1/28/20,1/29/20,1/30/20,1/31/20,2/1/20,2/2/20,2/3/20,2/4/20,2/5/20,2/6/20,2/7/20,2/8/20,2/9/20,2/10/20,2/11/20,2/12/20,2/13/20,2/14/20,2/15/20,2/16/20,2/17/20,2/18/20,2/19/20,2/20/20,2/21/20,2/22/20,2/23/20,2/24/20,2/25/20,2/26/20,2/27/20,2/28/20,2/29/20,3/1/20,3/2/20,3/3/20,3/4/20,3/5/20,3/6/20,3/7/20,3/8/20,3/9/20,3/10/20,3/11/20,3/12/20,3/13/20,3/14/20,3/15/20,3/16/20,3/17/20,3/18/20,3/19/20,3/20/20,3/21/20,3/22/20,3/23/20,Confirmed
Afghanistan,,0,0,0,0,0,0,0,0,0,0,0,0,0,0,0,0,0,0,0,0,0,0,0,0,0,0,0,0,0,0,0,0,0,1,1,1,1,1,1,1,1,1,1,1,1,1,4,4,5,7,7,7,11,16,21,22,22,22,24,24,40,40,74
Albania,,0,0,0,0,0,0,0,0,0,0,0,0,0,0,0,0,0,0,0,0,0,0,0,0,0,0,0,0,0,0,0,0,0,0,0,0,0,0,0,0,0,0,0,0,0,0,0,2,10,12,23,33,38,42,51,55,59,64,70,76,89,104,123
Algeria,,0,0,0,0,0,0,0,0,0,0,0,0,0,0,0,0,0,0,0,0,0,0,0,0,0,0,0,0,0,0,0,0,0,0,1,1,1,1,1,1,3,5,12,12,17,17,19,20,20,20,24,26,37,48,54,60,74,87,90,139,201,230,264
Andorra,,0,0,0,0,0,0,0,0,0,0,0,0,0,0,0,0,0,0,0,0,0,0,0,0,0,0,0,0,0,0,0,0,0,0,0,0,0,0,0,0,1,1,1,1,1,1,1,1,1,1,1,1,1,1,2,39,39,53,75,88,113,133,164
Angola,,,,,,,,,,,,,,,,,,,,,,,,,,,,,,,,,,,,,,,,,,,,,,,,,,,,,,,,,,,,1,2,2,3,3
Antigua and Barbuda,,,,,,,,,,,,,,,,,,,,,,,,,,,,,,,,,,,,,,,,,,,,,,,,,,,,,1,1,1,1,1,1,1,1,1,1,3,3
Argentina,,0,0,0,0,0,0,0,0,0,0,0,0,0,0,0,0,0,0,0,0,0,0,0,0,0,0,0,0,0,0,0,0,0,0,0,0,0,0,0,0,0,1,1,1,2,8,12,12,17,19,19,31,34,45,56,68,79,97,128,158,225,266,387
Armenia,,0,0,0,0,0,0,0,0,0,0,0,0,0,0,0,0,0,0,0,0,0,0,0,0,0,0,0,0,0,0,0,0,0,0,0,0,0,0,0,1,1,1,1,1,1,1,1,1,1,1,4,8,18,23,52,78,84,115,136,160,194,235,249
Australia,Australian Capital Territory,,,,,,,,,,,,,,,,,,,,,,,,,,,,,,,,,,,,,,,,,,,,,,,,,,,,1,1,1,2,2,3,4,6,9,19,32,39
Australia,New South Wales,0,0,0,0,3,4,4,4,4,4,4,4,4,4,4,4,4,4,4,4,4,4,4,4,4,4,4,4,4,4,4,4,4,4,4,4,4,4,4,6,6,13,22,22,26,28,38,48,55,65,65,92,112,134,171,210,267,307,353,436,533,669,818
Australia,Northern Territory,0,0,0,0,0,0,0,0,0,0,0,0,0,0,0,0,0,0,0,0,0,0,0,0,0,0,0,0,0,0,0,0,0,0,0,0,0,0,0,0,0,0,1,1,0,0,0,0,1,1,1,1,1,1,1,1,1,1,3,3,3,5,6
Australia,Queensland,0,0,0,0,0,0,0,1,3,2,3,2,2,3,3,4,5,5,5,5,5,5,5,5,5,5,5,5,5,5,5,5,5,5,5,5,5,5,9,9,9,11,11,13,13,13,15,15,18,20,20,35,46,61,68,78,94,144,184,221,221,319,397
Australia,South Australia,0,0,0,0,0,0,0,0,0,0,1,2,2,2,2,2,2,2,2,2,2,2,2,2,2,2,2,2,2,2,2,2,2,2,2,2,2,2,3,3,3,3,5,5,7,7,7,7,7,9,9,16,19,20,29,29,37,42,50,67,100,134,170
Australia,Tasmania,0,0,0,0,0,0,0,0,0,0,0,0,0,0,0,0,0,0,0,0,0,0,0,0,0,0,0,0,0,0,0,0,0,0,0,0,0,0,0,0,1,1,1,1,1,1,2,2,2,3,3,5,5,6,7,7,10,10,10,16,22,28,28
Australia,Victoria,0,0,0,0,1,1,1,1,2,3,4,4,4,4,4,4,4,4,4,4,4,4,4,4,4,4,4,4,4,4,4,4,4,4,4,4,4,4,7,7,9,9,10,10,10,11,11,15,18,21,21,36,49,57,71,94,121,121,121,229,296,355,411
Australia,Western Australia,0,0,0,0,0,0,0,0,0,0,0,0,0,0,0,0,0,0,0,0,0,0,0,0,0,0,0,0,0,0,0,0,0,0,0,0,0,0,2,2,2,2,2,3,3,3,3,4,6,9,9,14,17,17,28,31,35,52,64,90,120,140,175
Austria,,0,0,0,0,0,0,0,0,0,0,0,0,0,0,0,0,0,0,0,0,0,0,0,0,0,0,0,0,0,0,0,0,0,0,2,2,3,3,9,14,18,21,29,41,55,79,104,131,182,246,302,504,655,800,1018,1332,1646,2013,2388,2814,3244,4474,5283
Azerbaijan,,0,0,0,0,0,0,0,0,0,0,0,0,0,0,0,0,0,0,0,0,0,0,0,0,0,0,0,0,0,0,0,0,0,0,0,0,0,0,0,3,3,3,3,6,6,9,9,9,11,11,11,15,15,15,15,28,28,44,44,53,65,72,87
Bahamas,,,,,,,,,,,,,,,,,,,,,,,,,,,,,,,,,,,,,,,,,,,,,,,,,,,,,,,,1,1,1,3,3,4,4,4,5
Bahrain,,0,0,0,0,0,0,0,0,0,0,0,0,0,0,0,0,0,0,0,0,0,0,0,0,0,0,0,0,0,0,0,0,0,1,23,33,33,36,41,47,49,49,52,55,60,85,85,95,110,195,195,189,210,210,214,228,256,278,285,305,332,377,392
Bangladesh,,0,0,0,0,0,0,0,0,0,0,0,0,0,0,0,0,0,0,0,0,0,0,0,0,0,0,0,0,0,0,0,0,0,0,0,0,0,0,0,0,0,0,0,0,0,0,3,3,3,3,3,3,3,5,8,10,14,17,20,25,27,33,39
Barbados,,,,,,,,,,,,,,,,,,,,,,,,,,,,,,,,,,,,,,,,,,,,,,,,,,,,,,,,,2,2,5,5,6,14,17,18
Belarus,,0,0,0,0,0,0,0,0,0,0,0,0,0,0,0,0,0,0,0,0,0,0,0,0,0,0,0,0,0,0,0,0,0,0,0,0,0,1,1,1,1,1,6,6,6,6,6,6,9,9,12,27,27,27,36,36,51,51,69,76,76,81,81
Belgium,,0,0,0,0,0,0,0,0,0,0,0,0,0,1,1,1,1,1,1,1,1,1,1,1,1,1,1,1,1,1,1,1,1,1,1,1,1,1,1,2,8,13,23,50,109,169,200,239,267,314,314,559,689,886,1058,1243,1486,1795,2257,2815,3401,3743,4269
Belize,,,,,,,,,,,,,,,,,,,,,,,,,,,,,,,,,,,,,,,,,,,,,,,,,,,,,,,,,,,,,,,1,1
Benin,,,,,,,,,,,,,,,,,,,,,,,,,,,,,,,,,,,,,,,,,,,,,,,,,,,,,,,,1,1,2,2,2,2,2,5,6
Bhutan,,0,0,0,0,0,0,0,0,0,0,0,0,0,0,0,0,0,0,0,0,0,0,0,0,0,0,0,0,0,0,0,0,0,0,0,0,0,0,0,0,0,0,0,0,1,1,1,1,1,1,1,1,1,1,1,1,1,1,2,2,2,2,2
Bolivia,,0,0,0,0,0,0,0,0,0,0,0,0,0,0,0,0,0,0,0,0,0,0,0,0,0,0,0,0,0,0,0,0,0,0,0,0,0,0,0,0,0,0,0,0,0,0,0,0,0,2,2,3,10,10,11,11,12,12,15,19,24,27,29
Bosnia and Herzegovina,,0,0,0,0,0,0,0,0,0,0,0,0,0,0,0,0,0,0,0,0,0,0,0,0,0,0,0,0,0,0,0,0,0,0,0,0,0,0,0,0,0,0,0,2,2,3,3,3,5,7,11,13,18,21,25,26,38,63,89,93,126,132,166
Brazil,,0,0,0,0,0,0,0,0,0,0,0,0,0,0,0,0,0,0,0,0,0,0,0,0,0,0,0,0,0,0,0,0,0,0,0,1,1,1,2,2,2,2,4,4,13,13,20,25,31,38,52,151,151,162,200,321,372,621,793,1021,1593,1924,2247
Brunei,,0,0,0,0,0,0,0,0,0,0,0,0,0,0,0,0,0,0,0,0,0,0,0,0,0,0,0,0,0,0,0,0,0,0,0,0,0,0,0,0,0,0,0,0,0,0,0,1,1,11,11,37,40,50,54,56,68,75,78,83,88,91,104
Bulgaria,,0,0,0,0,0,0,0,0,0,0,0,0,0,0,0,0,0,0,0,0,0,0,0,0,0,0,0,0,0,0,0,0,0,0,0,0,0,0,0,0,0,0,0,0,0,0,4,4,4,7,7,23,41,43,52,67,92,94,127,163,187,201,218
Burkina Faso,,0,0,0,0,0,0,0,0,0,0,0,0,0,0,0,0,0,0,0,0,0,0,0,0,0,0,0,0,0,0,0,0,0,0,0,0,0,0,0,0,0,0,0,0,0,0,0,0,1,2,2,2,2,2,15,15,20,33,40,64,75,99,114
Cabo Verde,,,,,,,,,,,,,,,,,,,,,,,,,,,,,,,,,,,,,,,,,,,,,,,,,,,,,,,,,,,,1,3,3,3,3
Cambodia,,0,0,0,0,0,1,1,1,1,1,1,1,1,1,1,1,1,1,1,1,1,1,1,1,1,1,1,1,1,1,1,1,1,1,1,1,1,1,1,1,1,1,1,1,1,1,2,2,2,3,3,5,7,7,7,33,35,37,51,53,84,87,91
Cameroon,,0,0,0,0,0,0,0,0,0,0,0,0,0,0,0,0,0,0,0,0,0,0,0,0,0,0,0,0,0,0,0,0,0,0,0,0,0,0,0,0,0,0,0,0,1,1,2,2,2,2,2,2,2,2,4,10,10,13,20,27,40,56,66
Canada,Alberta,0,0,0,0,0,0,0,0,0,0,0,0,0,0,0,0,0,0,0,0,0,0,0,0,0,0,0,0,0,0,0,0,0,0,0,0,0,0,0,0,0,0,0,0,1,2,4,7,7,19,19,29,29,39,56,74,97,119,146,195,259,301,359
Canada,British Columbia,0,0,0,0,0,0,1,1,1,1,1,1,1,1,2,2,4,4,4,4,4,4,4,4,4,4,5,5,5,5,6,6,6,6,7,7,7,7,8,8,8,9,12,13,21,21,27,32,32,39,46,64,64,73,103,103,186,231,271,424,424,472,617
Canada,Grand Princess,,,,,,,,,,,,,,,,,,,,,,,,,,,,,,,,,,,,,,,,,,,,,,,,,,,,,,,2,8,9,9,10,10,13,0,0
Canada,Manitoba,,,,,,,,,,,,,,,,,,,,,,,,,,,,,,,,,,,,,,,,,,,,,,,,,,,,4,4,4,7,8,15,17,17,18,19,13,13
Canada,New Brunswick,0,0,0,0,0,0,0,0,0,0,0,0,0,0,0,0,0,0,0,0,0,0,0,0,0,0,0,0,0,0,0,0,0,0,0,0,0,0,0,0,0,0,0,0,0,0,0,0,0,1,1,1,1,2,6,8,11,11,11,17,17,20,21
Canada,Newfoundland and Labrador,,,,,,,,,,,,,,,,,,,,,,,,,,,,,,,,,,,,,,,,,,,,,,,,,,,,,,1,1,3,3,3,4,6,6,17,18
Canada,Northwest Territories,,,,,,,,,,,,,,,,,,,,,,,,,,,,,,,,,,,,,,,,,,,,,,,,,,,,,,,,,,,,1,1,24,35
Canada,Nova Scotia,,,,,,,,,,,,,,,,,,,,,,,,,,,,,,,,,,,,,,,,,,,,,,,,,,,,,,,5,7,12,14,15,21,28,41,51
Canada,Ontario,0,0,0,0,1,1,1,1,1,3,3,3,3,3,3,3,3,3,3,3,3,3,3,3,3,3,3,3,3,3,3,3,3,4,4,4,6,6,11,15,18,20,20,22,25,28,29,34,36,41,42,74,79,104,177,185,221,257,308,377,425,503,588
Canada,Prince Edward Island,,,,,,,,,,,,,,,,,,,,,,,,,,,,,,,,,,,,,,,,,,,,,,,,,,,,,,1,1,1,1,2,2,2,2,3,3
Canada,Quebec,0,0,0,0,0,0,0,0,0,0,0,0,0,0,0,0,0,0,0,0,0,0,0,0,0,0,0,0,0,0,0,0,0,0,0,0,0,1,1,1,1,1,1,2,2,3,4,4,4,8,9,17,17,24,50,74,94,121,139,181,219,628,1013
Canada,Saskatchewan,,,,,,,,,,,,,,,,,,,,,,,,,,,,,,,,,,,,,,,,,,,,,,,,,,,,2,2,2,7,7,8,16,20,26,52,66,0
Cape Verde,,,,,,,,,,,,,,,,,,,,,,,,,,,,,,,,,,,,,,,,,,,,,,,,,,,,,,,,,,,,,1,0,,72
Central African Republic,,,,,,,,,,,,,,,,,,,,,,,,,,,,,,,,,,,,,,,,,,,,,,,,,,,,,,,1,1,1,1,1,3,3,3,3,3
Chad,,,,,,,,,,,,,,,,,,,,,,,,,,,,,,,,,,,,,,,,,,,,,,,,,,,,,,,,,,,1,1,1,1,1,3
Chile,,0,0,0,0,0,0,0,0,0,0,0,0,0,0,0,0,0,0,0,0,0,0,0,0,0,0,0,0,0,0,0,0,0,0,0,0,0,0,0,0,0,1,1,4,4,4,8,8,13,23,23,43,61,61,155,201,238,238,434,537,632,746,922
China,Anhui,0,1,9,15,39,60,70,106,152,200,237,297,340,408,480,530,591,665,733,779,830,860,889,910,934,950,962,973,982,986,987,988,989,989,989,989,989,989,990,990,990,990,990,990,990,990,990,990,990,990,990,990,990,990,990,990,990,990,990,990,990,990,990
China,Beijing,0,14,22,36,41,68,80,91,111,114,139,168,191,212,228,253,274,297,315,326,337,342,352,366,372,375,380,381,387,393,395,396,399,399,399,400,400,410,410,411,413,414,414,418,418,422,426,428,428,429,435,435,437,442,452,456,469,480,491,504,514,537,558
China,Chongqing,0,6,9,27,57,75,110,132,147,182,211,247,300,337,366,389,411,426,428,468,486,505,518,529,537,544,551,553,555,560,567,572,573,575,576,576,576,576,576,576,576,576,576,576,576,576,576,576,576,576,576,576,576,576,576,576,576,576,576,576,577,577,578
China,Fujian,0,1,5,10,18,35,59,80,84,101,120,144,159,179,194,205,215,224,239,250,261,267,272,279,281,285,287,290,292,293,293,293,293,293,293,294,294,296,296,296,296,296,296,296,296,296,296,296,296,296,296,296,296,296,296,296,296,296,299,303,307,313,318
China,Gansu,0,0,2,2,4,7,14,19,24,26,29,40,51,55,57,62,62,67,79,83,83,86,87,90,90,90,90,91,91,91,91,91,91,91,91,91,91,91,91,91,91,91,91,91,102,119,120,124,124,125,127,127,129,133,133,133,133,134,134,134,136,136,136
China,Guangdong,0,26,32,53,78,111,151,207,277,354,436,535,632,725,813,895,970,1034,1095,1131,1159,1177,1219,1241,1261,1294,1316,1322,1328,1331,1332,1333,1339,1342,1345,1347,1347,1347,1348,1349,1349,1350,1350,1350,1351,1352,1352,1352,1352,1353,1356,1356,1356,1360,1361,1364,1370,1378,1395,1400,1407,1415,1428
China,Guangxi,0,2,5,23,23,36,46,51,58,78,87,100,111,127,139,150,168,172,183,195,210,215,222,222,226,235,237,238,242,244,245,246,249,249,251,252,252,252,252,252,252,252,252,252,252,252,252,252,252,252,252,252,252,252,252,253,253,253,254,254,254,254,254
China,Guizhou,0,1,3,3,4,5,7,9,9,12,29,29,38,46,58,64,71,81,89,99,109,127,133,135,140,143,144,146,146,146,146,146,146,146,146,146,146,146,146,146,146,146,146,146,146,146,146,146,146,146,146,146,146,146,146,147,146,146,146,146,146,146,146
China,Hainan,0,4,5,8,19,22,33,40,43,46,52,62,64,72,80,99,106,117,124,131,138,144,157,157,159,162,162,163,163,168,168,168,168,168,168,168,168,168,168,168,168,168,168,168,168,168,168,168,168,168,168,168,168,168,168,168,168,168,168,168,168,168,168
China,Hebei,0,1,1,2,8,13,18,33,48,65,82,96,104,113,126,135,157,172,195,206,218,239,251,265,283,291,300,301,306,306,307,308,309,311,311,311,312,317,318,318,318,318,318,318,318,318,318,318,318,318,318,318,318,318,318,318,318,318,318,318,319,319,319
China,Heilongjiang,0,0,2,4,9,15,21,33,38,44,59,80,95,121,155,190,227,277,295,307,331,360,378,395,419,425,445,457,464,470,476,479,479,480,480,480,480,480,480,480,480,480,480,480,481,481,481,481,481,481,482,482,482,482,482,482,482,483,484,484,484,484,484
China,Henan,0,5,5,9,32,83,128,168,206,278,352,422,493,566,675,764,851,914,981,1033,1073,1105,1135,1169,1184,1212,1231,1246,1257,1262,1265,1267,1270,1271,1271,1271,1271,1272,1272,1272,1272,1272,1272,1272,1272,1272,1272,1272,1272,1272,1273,1273,1273,1273,1273,1273,1273,1273,1273,1273,1273,1274,1274
China,Hong Kong,0,0,2,2,5,8,8,8,10,10,12,13,15,15,17,21,24,25,26,29,38,49,50,53,56,56,57,60,62,63,68,68,69,74,79,84,91,92,94,95,96,100,100,105,105,107,108,114,115,120,126,129,140,145,155,162,181,208,256,273,317,356,386
China,Hubei,0,444,444,549,761,1058,1423,3554,4000,4903,5806,7153,11177,13522,16678,19665,22112,24953,27100,29631,31728,33366,37000,48206,54406,56249,58182,59989,61682,62031,62442,62662,64084,64185,64287,64786,65187,65596,65914,66337,66907,67103,67217,67332,67466,67592,67666,67707,67743,67760,67773,67781,67790,67794,67798,67799,67800,67800,67800,67800,67800,67800,67801
China,Hunan,0,4,9,24,43,69,100,143,221,277,332,389,463,521,593,661,711,772,803,838,879,912,946,968,988,1001,1004,1006,1007,1008,1010,1011,1013,1016,1016,1016,1016,1017,1017,1018,1018,1018,1018,1018,1018,1018,1018,1018,1018,1018,1018,1018,1018,1018,1018,1018,1018,1018,1018,1018,1018,1018,1018
China,Inner Mongolia,0,0,0,1,7,7,11,15,16,19,20,23,27,34,35,42,46,50,52,54,58,58,60,61,65,68,70,72,73,75,75,75,75,75,75,75,75,75,75,75,75,75,75,75,75,75,75,75,75,75,75,75,75,75,75,75,75,75,75,75,75,75,75
China,Jiangsu,0,1,5,9,18,33,47,70,99,129,168,202,236,271,308,341,373,408,439,468,492,515,543,570,593,604,617,626,629,631,631,631,631,631,631,631,631,631,631,631,631,631,631,631,631,631,631,631,631,631,631,631,631,631,631,631,631,631,631,631,633,633,636
China,Jiangxi,0,2,7,18,18,36,72,109,109,162,240,286,333,391,476,548,600,661,698,740,771,804,844,872,900,913,925,930,933,934,934,934,934,934,934,934,934,934,935,935,935,935,935,935,935,935,935,935,935,935,935,935,935,935,935,935,935,935,935,935,936,936,936
China,Jilin,0,0,1,3,4,4,6,8,9,14,14,17,23,31,42,54,59,65,69,78,80,81,83,84,86,88,89,89,89,90,91,91,91,91,93,93,93,93,93,93,93,93,93,93,93,93,93,93,93,93,93,93,93,93,93,93,93,93,93,93,93,93,93
China,Liaoning,0,2,3,4,17,21,27,34,39,41,48,64,70,74,81,89,94,99,105,107,108,111,116,117,119,119,121,121,121,121,121,121,121,121,121,121,121,121,121,121,122,122,125,125,125,125,125,125,125,125,125,125,125,125,125,125,125,125,126,126,126,127,127
China,Macau,0,1,2,2,2,5,6,7,7,7,7,7,8,8,10,10,10,10,10,10,10,10,10,10,10,10,10,10,10,10,10,10,10,10,10,10,10,10,10,10,10,10,10,10,10,10,10,10,10,10,10,10,10,10,11,12,15,17,17,18,20,24,25
China,Ningxia,0,1,1,2,3,4,7,11,12,17,21,26,28,31,34,34,40,43,45,45,49,53,58,64,67,70,70,70,70,71,71,71,71,71,71,71,71,72,72,73,73,74,74,75,75,75,75,75,75,75,75,75,75,75,75,75,75,75,75,75,75,75,75
China,Qinghai,0,0,0,0,1,1,6,6,6,8,8,9,11,13,15,17,18,18,18,18,18,18,18,18,18,18,18,18,18,18,18,18,18,18,18,18,18,18,18,18,18,18,18,18,18,18,18,18,18,18,18,18,18,18,18,18,18,18,18,18,18,18,18
China,Shaanxi,0,0,3,5,15,22,35,46,56,63,87,101,116,128,142,165,173,184,195,208,213,219,225,229,230,232,236,240,240,242,245,245,245,245,245,245,245,245,245,245,245,245,245,245,245,245,245,245,245,245,245,245,245,245,245,246,246,246,247,248,248,248,249
China,Shandong,0,2,6,15,27,46,75,95,130,158,184,206,230,259,275,307,347,386,416,444,466,487,497,509,523,532,537,541,543,544,546,749,750,754,755,756,756,756,756,756,758,758,758,758,758,758,758,758,758,758,760,760,760,760,760,761,761,761,762,764,766,768,768
China,Shanghai,0,9,16,20,33,40,53,66,96,112,135,169,182,203,219,243,257,277,286,293,299,303,311,315,318,326,328,333,333,333,334,334,335,335,335,336,337,337,337,337,337,337,338,338,339,342,342,342,342,344,344,344,353,353,355,358,361,363,371,380,394,404,414
China,Shanxi,0,1,1,1,6,9,13,27,27,35,39,47,66,74,81,81,96,104,115,119,119,124,126,126,127,128,129,130,131,131,132,132,132,132,133,133,133,133,133,133,133,133,133,133,133,133,133,133,133,133,133,133,133,133,133,133,133,133,133,133,133,133,134
China,Sichuan,0,5,8,15,28,44,69,90,108,142,177,207,231,254,282,301,321,344,364,386,405,417,436,451,463,470,481,495,508,514,520,525,526,526,527,529,531,534,538,538,538,538,538,538,539,539,539,539,539,539,539,539,539,539,539,540,540,540,541,542,543,543,545
China,Tianjin,0,4,4,8,10,14,23,24,27,31,32,41,48,60,67,69,79,81,88,91,95,106,112,119,120,122,124,125,128,130,131,132,135,135,135,135,135,136,136,136,136,136,136,136,136,136,136,136,136,136,136,136,136,136,136,136,136,137,137,137,137,141,145
China,Tibet,0,0,0,0,0,0,0,0,0,1,1,1,1,1,1,1,1,1,1,1,1,1,1,1,1,1,1,1,1,1,1,1,1,1,1,1,1,1,1,1,1,1,1,1,1,1,1,1,1,1,1,1,1,1,1,1,1,1,1,1,1,1,1
China,Xinjiang,0,0,2,2,3,4,5,10,13,14,17,18,21,24,29,32,36,39,42,45,49,55,59,63,65,70,71,75,76,76,76,76,76,76,76,76,76,76,76,76,76,76,76,76,76,76,76,76,76,76,76,76,76,76,76,76,76,76,76,76,76,76,76
China,Yunnan,0,1,2,5,11,16,26,44,55,70,83,93,105,117,122,128,133,138,138,141,149,153,154,156,162,168,171,171,172,172,174,174,174,174,174,174,174,174,174,174,174,174,174,174,174,174,174,174,174,174,174,174,174,174,176,176,176,176,176,176,176,176,176
China,Zhejiang,0,10,27,43,62,104,128,173,296,428,538,599,661,724,829,895,954,1006,1048,1075,1092,1117,1131,1145,1155,1162,1167,1171,1172,1174,1175,1203,1205,1205,1205,1205,1205,1205,1205,1205,1205,1206,1213,1213,1215,1215,1215,1215,1215,1215,1215,1215,1227,1231,1231,1232,1232,1233,1234,1236,1237,1238,1240
Colombia,,0,0,0,0,0,0,0,0,0,0,0,0,0,0,0,0,0,0,0,0,0,0,0,0,0,0,0,0,0,0,0,0,0,0,0,0,0,0,0,0,0,0,0,0,1,1,1,1,3,9,9,13,22,34,54,65,93,102,128,196,231,277,378
Congo (Brazzaville),,,,,,,,,,,,,,,,,,,,,,,,,,,,,,,,,,,,,,,,,,,,,,,,,,,,,,,1,1,1,1,3,3,3,3,4,4
Congo (Kinshasa),,0,0,0,0,0,0,0,0,0,0,0,0,0,0,0,0,0,0,0,0,0,0,0,0,0,0,0,0,0,0,0,0,0,0,0,0,0,0,0,0,0,0,0,0,0,0,0,0,0,1,1,2,2,2,2,3,4,14,18,23,30,36,45
Costa Rica,,0,0,0,0,0,0,0,0,0,0,0,0,0,0,0,0,0,0,0,0,0,0,0,0,0,0,0,0,0,0,0,0,0,0,0,0,0,0,0,0,0,0,0,0,1,1,5,9,9,13,22,23,26,27,35,41,50,69,89,117,134,158,177
Cote d'Ivoire,,0,0,0,0,0,0,0,0,0,0,0,0,0,0,0,0,0,0,0,0,0,0,0,0,0,0,0,0,0,0,0,0,0,0,0,0,0,0,0,0,0,0,0,0,0,0,0,0,0,1,1,1,1,1,1,5,6,9,9,14,14,25,73
Croatia,,0,0,0,0,0,0,0,0,0,0,0,0,0,0,0,0,0,0,0,0,0,0,0,0,0,0,0,0,0,0,0,0,0,0,1,3,3,5,6,7,7,9,10,10,11,12,12,12,14,19,19,32,38,49,57,65,81,105,128,206,254,315,382
Cuba,,0,0,0,0,0,0,0,0,0,0,0,0,0,0,0,0,0,0,0,0,0,0,0,0,0,0,0,0,0,0,0,0,0,0,0,0,0,0,0,0,0,0,0,0,0,0,0,0,0,0,3,4,4,4,4,5,7,11,16,21,35,40,48
Cyprus,,0,0,0,0,0,0,0,0,0,0,0,0,0,0,0,0,0,0,0,0,0,0,0,0,0,0,0,0,0,0,0,0,0,0,0,0,0,0,0,0,0,0,0,0,0,0,0,2,3,6,6,14,26,26,33,46,49,67,67,84,95,116,124
Czechia,,0,0,0,0,0,0,0,0,0,0,0,0,0,0,0,0,0,0,0,0,0,0,0,0,0,0,0,0,0,0,0,0,0,0,0,0,0,0,0,3,3,5,8,12,18,19,31,31,41,91,94,141,189,231,298,396,464,694,833,995,1120,1236,1394
Denmark,Faroe Islands,0,0,0,0,0,0,0,0,0,0,0,0,0,0,0,0,0,0,0,0,0,0,0,0,0,0,0,0,0,0,0,0,0,0,0,0,0,0,0,0,0,0,1,1,1,1,2,2,2,2,2,3,9,11,18,47,58,72,80,92,115,118,122
Denmark,Greenland,,,,,,,,,,,,,,,,,,,,,,,,,,,,,,,,,,,,,,,,,,,,,,,,,,,,,,,1,1,1,2,2,2,4,4,5
Denmark,,0,0,0,0,0,0,0,0,0,0,0,0,0,0,0,0,0,0,0,0,0,0,0,0,0,0,0,0,0,0,0,0,0,0,0,0,1,1,3,4,4,6,10,10,23,23,35,90,262,442,615,801,827,864,914,977,1057,1151,1255,1326,1395,1450,1591
Djibouti,,,,,,,,,,,,,,,,,,,,,,,,,,,,,,,,,,,,,,,,,,,,,,,,,,,,,,,,,,1,1,1,1,1,3,3
Dominica,,,,,,,,,,,,,,,,,,,,,,,,,,,,,,,,,,,,,,,,,,,,,,,,,,,,,,,,,,,,,,1,2,2
Dominican Republic,,0,0,0,0,0,0,0,0,0,0,0,0,0,0,0,0,0,0,0,0,0,0,0,0,0,0,0,0,0,0,0,0,0,0,0,0,0,0,0,1,1,1,1,1,2,2,5,5,5,5,5,5,11,11,11,21,21,34,72,112,202,245,312
Ecuador,,0,0,0,0,0,0,0,0,0,0,0,0,0,0,0,0,0,0,0,0,0,0,0,0,0,0,0,0,0,0,0,0,0,0,0,0,0,0,0,6,6,7,10,13,13,13,14,15,15,17,17,17,28,28,37,58,111,199,367,506,789,981,1082
Egypt,,0,0,0,0,0,0,0,0,0,0,0,0,0,0,0,0,0,0,0,0,0,0,0,1,1,1,1,1,1,1,1,1,1,1,1,1,1,1,1,2,2,2,2,3,15,15,49,55,59,60,67,80,109,110,150,196,196,256,285,294,327,366,402
El Salvador,,,,,,,,,,,,,,,,,,,,,,,,,,,,,,,,,,,,,,,,,,,,,,,,,,,,,,,,,,,1,1,3,3,3,5
Equatorial Guinea,,,,,,,,,,,,,,,,,,,,,,,,,,,,,,,,,,,,,,,,,,,,,,,,,,,,,,,1,1,1,4,6,6,6,6,9,9
Eritrea,,0,0,15.1794,39.7823,,,,,,,,,,,,,,,,,,,,,,,,,,,,,,,,,,,,,,,,,,,,,,,,,,,,,,,,1,1,1,1
Estonia,,0,0,0,0,0,0,0,0,0,0,0,0,0,0,0,0,0,0,0,0,0,0,0,0,0,0,0,0,0,0,0,0,0,0,0,0,1,1,1,1,1,2,2,3,10,10,10,10,12,16,16,79,115,135,205,225,258,267,283,306,326,352,369
Eswatini,,,,,,,,,,,,,,,,,,,,,,,,,,,,,,,,,,,,,,,,,,,,,,,,,,,,,,1,1,1,1,1,1,1,1,4,4,4
Ethiopia,,,,,,,,,,,,,,,,,,,,,,,,,,,,,,,,,,,,,,,,,,,,,,,,,,,,,1,1,1,5,5,6,6,9,9,11,11,12
Fiji,,,,,,,,,,,,,,,,,,,,,,,,,,,,,,,,,,,,,,,,,,,,,,,,,,,,,,,,,,,1,1,1,2,3,4
Finland,,0,0,0,0,0,0,0,1,1,1,1,1,1,1,1,1,1,1,1,1,1,1,1,1,1,1,1,1,1,1,1,1,1,1,1,2,2,2,3,6,6,6,6,12,15,15,23,30,40,59,59,155,225,243,277,321,336,400,450,523,626,700,792
France,French Guiana,,,,,,,,,,,,,,,,,,,,,,,,,,,,,,,,,,,,,,,,,,,,,0,5,5,5,5,5,5,5,5,5,5,7,11,11,15,18,0,20,23
France,French Polynesia,,,,,,,,,,,,,,,,,,,,,,,,,,,,,,,,,,,,,,,,,,,,,,,,,,,,3,3,3,3,3,3,6,11,15,15,15,25
France,Guadeloupe,,,,,,,,,,,,,,,,,,,,,,,,,,,,,,,,,,,,,,,,,,,,,,,,,,,,1,1,1,6,18,27,33,45,53,56,62,62
France,Martinique,0,0,0,0,0,0,0,0,0,0,0,0,0,0,0,0,0,0,0,0,0,0,0,0,0,0,0,0,0,0,0,0,0,0,0,0,0,0,0,0,0,0,0,0,0,2,2,2,2,3,3,3,9,9,15,16,19,23,32,32,37,53,57
France,Mayotte,,,,,,,,,,,,,,,,,,,,,,,,,,,,,,,,,,,,,,,,,,,,,,,,,,,,,,1,1,1,3,3,6,7,11,24,36
France,New Caledonia,,,,,,,,,,,,,,,,,,,,,,,,,,,,,,,,,,,,,,,,,,,,,,,,,,,,,,,,,,2,2,4,4,8,10
France,Reunion,,,,,,,,,,,,,,,,,,,,,,,,,,,,,,,,,,,,,,,,,,,,,,,,,,1,1,5,6,7,9,9,12,14,28,45,47,71,94
France,Saint Barthelemy,0,0,0,0,0,0,0,0,0,0,0,0,0,0,0,0,0,0,0,0,0,0,0,0,0,0,0,0,0,0,0,0,0,0,0,0,0,0,0,0,0,0,3,3,3,3,3,1,1,1,1,1,1,1,3,3,3,3,3,3,3,3,3
France,St Martin,0,0,0,0,0,0,0,0,0,0,0,0,0,0,0,0,0,0,0,0,0,0,0,0,0,0,0,0,0,0,0,0,0,0,0,0,0,0,0,0,0,0,0,0,0,0,0,2,2,2,2,2,2,2,2,2,3,4,4,4,4,8,8
France,,0,0,2,3,3,3,4,5,5,5,6,6,6,6,6,6,6,11,11,11,11,11,11,11,12,12,12,12,12,12,12,12,12,12,14,18,38,57,100,130,191,204,285,377,653,949,1126,1209,1784,2281,2876,3661,4469,5423,6633,7652,9043,10995,12612,14282,16018,19874,22304
Gabon,,,,,,,,,,,,,,,,,,,,,,,,,,,,,,,,,,,,,,,,,,,,,,,,,,,,,,1,1,1,1,1,1,3,4,5,5,6
Gambia,,,,,,,,,,,,,,,,,,,,,,,,,,,,,,,,,,,,,,,,,,,,,,,,,,,,,,,,,1,1,1,1,1,1,2,3
Georgia,,0,0,0,0,0,0,0,0,0,0,0,0,0,0,0,0,0,0,0,0,0,0,0,0,0,0,0,0,0,0,0,0,0,0,0,1,1,1,1,3,3,3,3,4,4,4,13,15,15,24,24,25,30,30,33,34,38,40,43,49,54,61,70
Germany,,0,0,0,0,0,1,4,4,4,5,8,10,12,12,12,12,13,13,14,14,16,16,16,16,16,16,16,16,16,16,16,16,16,16,17,27,46,48,79,130,159,196,262,482,670,799,1040,1176,1457,1908,2369,3675,4585,5426,7272,9257,12327,15320,19848,22213,24873,29056,32986
Ghana,,,,,,,,,,,,,,,,,,,,,,,,,,,,,,,,,,,,,,,,,,,,,,,,,,,,,,3,6,6,7,7,11,16,19,24,27,53
Greece,,0,0,0,0,0,0,0,0,0,0,0,0,0,0,0,0,0,0,0,0,0,0,0,0,0,0,0,0,0,0,0,0,0,0,0,1,3,4,4,7,7,7,9,31,45,46,73,73,89,99,99,190,228,228,331,387,418,418,495,530,624,695,743
Grenada,,,,,,,,,,,,,,,,,,,,,,,,,,,,,,,,,,,,,,,,,,,,,,,,,,,,,,,,,,,,,,1,1,1
Guatemala,,,,,,,,,,,,,,,,,,,,,,,,,,,,,,,,,,,,,,,,,,,,,,,,,,,,,,1,1,2,6,6,9,12,17,19,20,21
Guinea,,,,,,,,,,,,,,,,,,,,,,,,,,,,,,,,,,,,,,,,,,,,,,,,,,,,,1,1,1,1,1,1,1,1,2,2,4,4
Guyana,,0,0,0,0,0,0,0,0,0,0,0,0,0,0,0,0,0,0,0,0,0,0,0,0,0,0,0,0,0,0,0,0,0,0,0,0,0,0,0,0,0,0,0,0,0,0,0,0,0,0,1,1,1,4,4,7,7,7,7,7,7,20,20
Haiti,,,,,,,,,,,,,,,,,,,,,,,,,,,,,,,,,,,,,,,,,,,,,,,,,,,,,,,,,,,,2,2,2,6,7
Holy See,,0,0,0,0,0,0,0,0,0,0,0,0,0,0,0,0,0,0,0,0,0,0,0,0,0,0,0,0,0,0,0,0,0,0,0,0,0,0,0,0,0,0,0,0,1,1,1,1,1,1,1,1,1,1,1,1,1,1,1,1,1,1,4
Honduras,,0,0,0,0,0,0,0,0,0,0,0,0,0,0,0,0,0,0,0,0,0,0,0,0,0,0,0,0,0,0,0,0,0,0,0,0,0,0,0,0,0,0,0,0,0,0,0,0,0,2,2,2,2,3,6,8,9,12,24,24,26,27,30
Hungary,,0,0,0,0,0,0,0,0,0,0,0,0,0,0,0,0,0,0,0,0,0,0,0,0,0,0,0,0,0,0,0,0,0,0,0,0,0,0,0,0,0,0,2,2,2,4,7,9,9,13,13,19,30,32,39,50,58,73,85,103,131,167,187
Iceland,,0,0,0,0,0,0,0,0,0,0,0,0,0,0,0,0,0,0,0,0,0,0,0,0,0,0,0,0,0,0,0,0,0,0,0,0,0,1,1,3,6,11,26,34,43,50,50,58,69,85,103,134,156,161,180,220,250,330,409,473,568,588,648
India,,0,0,0,0,0,0,0,0,1,1,1,2,3,3,3,3,3,3,3,3,3,3,3,3,3,3,3,3,3,3,3,3,3,3,3,3,3,3,3,3,5,5,28,30,31,34,39,43,56,62,73,82,102,113,119,142,156,194,244,330,396,499,536
Indonesia,,0,0,0,0,0,0,0,0,0,0,0,0,0,0,0,0,0,0,0,0,0,0,0,0,0,0,0,0,0,0,0,0,0,0,0,0,0,0,0,0,2,2,2,2,4,4,6,19,27,34,34,69,96,117,134,172,227,311,369,450,514,579,686
Iran,,0,0,0,0,0,0,0,0,0,0,0,0,0,0,0,0,0,0,0,0,0,0,0,0,0,0,0,0,2,5,18,28,43,61,95,139,245,388,593,978,1501,2336,2922,3513,4747,5823,6566,7161,8042,9000,10075,11364,12729,13938,14991,16169,17361,18407,19644,20610,21638,23049,24811
Iraq,,0,0,0,0,0,0,0,0,0,0,0,0,0,0,0,0,0,0,0,0,0,0,0,0,0,0,0,0,0,0,0,0,0,1,1,5,7,7,13,19,26,32,35,35,40,54,60,60,71,71,71,101,110,110,124,154,164,192,208,214,233,266,316
Ireland,,0,0,0,0,0,0,0,0,0,0,0,0,0,0,0,0,0,0,0,0,0,0,0,0,0,0,0,0,0,0,0,0,0,0,0,0,0,0,1,1,1,2,6,6,18,18,19,21,34,43,43,90,129,129,169,223,292,557,683,785,906,1125,1329
Israel,,0,0,0,0,0,0,0,0,0,0,0,0,0,0,0,0,0,0,0,0,0,0,0,0,0,0,0,0,0,0,1,1,1,1,1,2,3,4,7,10,10,12,15,20,37,43,61,61,83,109,131,161,193,200,255,337,433,677,705,883,1071,1442,1930
Italy,,0,0,0,0,0,0,0,0,0,2,2,2,2,2,2,2,3,3,3,3,3,3,3,3,3,3,3,3,3,3,20,62,155,229,322,453,655,888,1128,1694,2036,2502,3089,3858,4636,5883,7375,9172,10149,12462,15113,17660,21157,24747,27980,31506,35713,41035,47021,53578,59138,63927,69176
Jamaica,,0,0,0,0,0,0,0,0,0,0,0,0,0,0,0,0,0,0,0,0,0,0,0,0,0,0,0,0,0,0,0,0,0,0,0,0,0,0,0,0,0,0,0,0,0,0,0,0,0,1,2,8,8,8,10,12,13,15,16,16,16,19,21
Japan,,2,1,2,2,4,4,7,7,11,15,20,20,20,22,22,45,25,25,26,26,26,28,28,29,43,59,66,74,84,94,105,122,147,159,170,189,214,228,241,256,274,293,331,360,420,461,502,511,581,639,691,701,773,773,825,878,889,924,963,1007,1086,1128,1193
Jordan,,0,0,0,0,0,0,0,0,0,0,0,0,0,0,0,0,0,0,0,0,0,0,0,0,0,0,0,0,0,0,0,0,0,0,0,0,0,0,0,0,0,1,1,1,1,1,1,1,1,1,1,1,1,7,17,34,52,69,85,85,112,127,154
Kazakhstan,,,,,,,,,,,,,,,,,,,,,,,,,,,,,,,,,,,,,,,,,,,,,,,,,,,,,4,6,8,10,33,35,44,49,53,60,62,72
Kenya,,,,,,,,,,,,,,,,,,,,,,,,,,,,,,,,,,,,,,,,,,,,,,,,,,,,,1,1,1,3,3,3,7,7,7,15,16,25
"Korea, South",,1,1,2,2,3,4,4,4,4,11,12,15,15,16,19,23,24,24,25,27,28,28,28,28,28,29,30,31,31,104,204,433,602,833,977,1261,1766,2337,3150,3736,4212,4812,5328,5766,6284,6767,7314,7382,7513,7755,7869,7979,8086,8162,8236,8320,8413,8565,8652,8799,8897,8961,9037
Kosovo,,,,,,,,,,,,,,,,,,,,,,,,,,,,,,,,,,,,,,,,,,,,,,,,,,,,,,,2,2,2,2,2,2,2,2,,
Kuwait,,0,0,0,0,0,0,0,0,0,0,0,0,0,0,0,0,0,0,0,0,0,0,0,0,0,0,0,0,0,0,0,0,0,1,11,26,43,45,45,45,56,56,56,58,58,61,64,64,69,72,80,80,104,112,123,130,142,148,159,176,188,189,191
Kyrgyzstan,,,,,,,,,,,,,,,,,,,,,,,,,,,,,,,,,,,,,,,,,,,,,,,,,,,,,,,,,,3,3,6,14,14,16,42
Laos,,,,,,,,,,,,,,,,,,,,,,,,,,,,,,,,,,,,,,,,,,,,,,,,,,,,,,,,,,,,,,,,2
Latvia,,0,0,0,0,0,0,0,0,0,0,0,0,0,0,0,0,0,0,0,0,0,0,0,0,0,0,0,0,0,0,0,0,0,0,0,0,0,0,0,0,1,1,1,1,1,1,2,6,8,10,10,17,26,30,34,49,71,86,111,124,139,180,197
Lebanon,,0,0,0,0,0,0,0,0,0,0,0,0,0,0,0,0,0,0,0,0,0,0,0,0,0,0,0,0,0,0,1,1,1,1,1,2,2,2,4,10,13,13,13,16,22,22,32,32,41,61,61,77,93,110,99,120,133,157,163,187,248,267,318
Liberia,,,,,,,,,,,,,,,,,,,,,,,,,,,,,,,,,,,,,,,,,,,,,,,,,,,,,,,,1,1,2,2,2,3,3,3,3
Lybia,,,,,,,,,,,,,,,,,,,,,,,,,,,,,,,,,,,,,,,,,,,,,,,,,,,,,,,,,,,,,,,,1
Liechtenstein,,0,0,0,0,0,0,0,0,0,0,0,0,0,0,0,0,0,0,0,0,0,0,0,0,0,0,0,0,0,0,0,0,0,0,0,0,0,0,0,0,0,0,1,1,1,1,1,1,1,1,1,1,4,4,4,7,28,28,28,37,37,51,51
Lithuania,,0,0,0,0,0,0,0,0,0,0,0,0,0,0,0,0,0,0,0,0,0,0,0,0,0,0,0,0,0,0,0,0,0,0,0,0,0,1,1,1,1,1,1,1,1,1,1,1,1,3,3,6,8,12,17,25,27,36,49,83,131,179,209
Luxembourg,,0,0,0,0,0,0,0,0,0,0,0,0,0,0,0,0,0,0,0,0,0,0,0,0,0,0,0,0,0,0,0,0,0,0,0,0,0,0,1,1,1,1,1,1,2,2,3,3,5,7,19,34,51,59,77,140,203,335,484,670,798,875,1099
Madagascar,,,,,,,,,,,,,,,,,,,,,,,,,,,,,,,,,,,,,,,,,,,,,,,,,,,,,,,,,,,,3,3,3,12,17
Malaysia,,0,0,0,3,4,4,4,7,8,8,8,8,8,10,12,12,12,16,16,18,18,18,19,19,22,22,22,22,22,22,22,22,22,22,22,22,23,23,25,29,29,36,50,50,83,93,99,117,129,149,149,197,238,428,566,673,790,900,1030,1183,1306,1518,1624
Maldives,,0,0,0,0,0,0,0,0,0,0,0,0,0,0,0,0,0,0,0,0,0,0,0,0,0,0,0,0,0,0,0,0,0,0,0,0,0,0,0,0,0,0,0,0,0,0,4,4,6,8,8,9,10,13,13,13,13,13,13,13,13,13,13
Malta,,0,0,0,0,0,0,0,0,0,0,0,0,0,0,0,0,0,0,0,0,0,0,0,0,0,0,0,0,0,0,0,0,0,0,0,0,0,0,0,0,0,0,0,0,0,3,3,3,5,6,6,12,18,21,30,38,38,53,64,73,90,107,110
Mauritania,,,,,,,,,,,,,,,,,,,,,,,,,,,,,,,,,,,,,,,,,,,,,,,,,,,,,,1,1,1,1,1,2,2,2,2,2,2
Mauritius,,,,,,,,,,,,,,,,,,,,,,,,,,,,,,,,,,,,,,,,,,,,,,,,,,,,,,,,,,3,3,12,14,18,36,42
Mexico,,0,0,0,0,0,0,0,0,0,0,0,0,0,0,0,0,0,0,0,0,0,0,0,0,0,0,0,0,0,0,0,0,0,0,0,0,0,1,4,5,5,5,5,5,6,6,7,7,7,8,12,12,26,41,53,82,93,118,164,203,251,316,367
Moldova,,0,0,0,0,0,0,0,0,0,0,0,0,0,0,0,0,0,0,0,0,0,0,0,0,0,0,0,0,0,0,0,0,0,0,0,0,0,0,0,0,0,0,0,0,0,0,1,1,3,3,3,6,12,12,23,30,30,49,66,80,94,109,125
Monaco,,0,0,0,0,0,0,0,0,0,0,0,0,0,0,0,0,0,0,0,0,0,0,0,0,0,0,0,0,0,0,0,0,0,0,0,0,0,0,1,1,1,1,1,1,1,1,1,1,1,1,2,2,2,2,7,7,7,7,11,11,23,23,23
Mongolia,,0,0,0,0,0,0,0,0,0,0,0,0,0,0,0,0,0,0,0,0,0,0,0,0,0,0,0,0,0,0,0,0,0,0,0,0,0,0,0,0,0,0,0,0,0,0,0,0,1,1,1,1,1,1,1,5,6,6,6,10,10,10,10
Montenegro,,,,,,,,,,,,,,,,,,,,,,,,,,,,,,,,,,,,,,,,,,,,,,,,,,,,,,,,,2,1,3,14,14,21,27,47
Morocco,,0,0,0,0,0,0,0,0,0,0,0,0,0,0,0,0,0,0,0,0,0,0,0,0,0,0,0,0,0,0,0,0,0,0,0,0,0,0,0,0,1,1,1,2,2,2,2,2,3,5,6,7,17,28,29,38,49,63,77,96,115,143,170
Mozambique,,,,,,,,,,,,,,,,,,,,,,,,,,,,,,,,,,,,,,,,,,,,,,,,,,,,,,,,,,,,,,1,1,3
Namibia,,,,,,,,,,,,,,,,,,,,,,,,,,,,,,,,,,,,,,,,,,,,,,,,,,,,,,2,2,2,2,2,3,3,3,3,4,7
Nepal,,0,0,0,1,1,1,1,1,1,1,1,1,1,1,1,1,1,1,1,1,1,1,1,1,1,1,1,1,1,1,1,1,1,1,1,1,1,1,1,1,1,1,1,1,1,1,1,1,1,1,1,1,1,1,1,1,1,1,1,1,2,2,2
Netherlands,Aruba,,,,,,,,,,,,,,,,,,,,,,,,,,,,,,,,,,,,,,,,,,,,,,,,,,,,2,2,2,2,3,4,4,5,5,8,9,12
Netherlands,Curacao,,,,,,,,,,,,,,,,,,,,,,,,,,,,,,,,,,,,,,,,,,,,,,,,,,,,,,,1,3,3,3,3,3,3,4,6
Netherlands,Sint Maarten,,,,,,,,,,,,,,,,,,,,,,,,,,,,,,,,,,,,,,,,,,,,,,,,,,,,,,,,,,,1,1,1,2,2
Netherlands,,0,0,0,0,0,0,0,0,0,0,0,0,0,0,0,0,0,0,0,0,0,0,0,0,0,0,0,0,0,0,0,0,0,0,0,0,1,1,6,10,18,24,38,82,128,188,265,321,382,503,614,804,959,1135,1413,1705,2051,2460,2994,3631,4204,4749,5560
New Zealand,,0,0,0,0,0,0,0,0,0,0,0,0,0,0,0,0,0,0,0,0,0,0,0,0,0,0,0,0,0,0,0,0,0,0,0,0,0,1,1,1,1,1,3,3,4,5,5,5,5,5,5,5,6,8,8,12,20,28,39,52,66,102,155
Nicaragua,,,,,,,,,,,,,,,,,,,,,,,,,,,,,,,,,,,,,,,,,,,,,,,,,,,,,,,,,,,1,1,2,2,2,2
Niger,,,,,,,,,,,,,,,,,,,,,,,,,,,,,,,,,,,,,,,,,,,,,,,,,,,,,,,,,,,,1,1,2,3,3
Nigeria,,0,0,0,0,0,0,0,0,0,0,0,0,0,0,0,0,0,0,0,0,0,0,0,0,0,0,0,0,0,0,0,0,0,0,0,0,0,1,1,1,1,1,1,1,1,1,1,2,2,2,2,2,2,2,2,3,8,8,12,22,30,40,44
North Macedonia,,0,0,0,0,0,0,0,0,0,0,0,0,0,0,0,0,0,0,0,0,0,0,0,0,0,0,0,0,0,0,0,0,0,0,0,1,1,1,1,1,1,1,1,1,3,3,3,3,7,7,7,14,14,14,18,26,35,48,67,85,114,136,148
Norway,,0,0,0,0,0,0,0,0,0,0,0,0,0,0,0,0,0,0,0,0,0,0,0,0,0,0,0,0,0,0,0,0,0,0,0,1,1,6,15,19,25,32,56,87,108,147,176,205,400,598,702,996,1090,1207,1333,1463,1550,1746,1914,2118,2383,2621,2863
Oman,,0,0,0,0,0,0,0,0,0,0,0,0,0,0,0,0,0,0,0,0,0,0,0,0,0,0,0,0,0,0,0,0,0,2,2,4,4,4,6,6,6,12,15,16,16,16,16,16,18,18,18,19,19,20,22,24,39,48,48,52,55,66,84
Pakistan,,0,0,0,0,0,0,0,0,0,0,0,0,0,0,0,0,0,0,0,0,0,0,0,0,0,0,0,0,0,0,0,0,0,0,0,2,2,2,4,4,4,5,5,5,6,6,6,6,16,19,20,28,31,53,136,236,299,454,501,730,776,875,972
Panama,,0,0,0,0,0,0,0,0,0,0,0,0,0,0,0,0,0,0,0,0,0,0,0,0,0,0,0,0,0,0,0,0,0,0,0,0,0,0,0,0,0,0,0,0,0,0,0,0,1,8,11,27,36,43,55,69,86,109,137,200,245,313,345
Papua New Guinea,,,,,,,,,,,,,,,,,,,,,,,,,,,,,,,,,,,,,,,,,,,,,,,,,,,,,,,,,,,,1,1,1,1,1
Paraguay,,0,0,0,0,0,0,0,0,0,0,0,0,0,0,0,0,0,0,0,0,0,0,0,0,0,0,0,0,0,0,0,0,0,0,0,0,0,0,0,0,0,0,0,0,0,0,1,1,1,5,5,6,6,6,8,9,11,11,13,18,22,22,27
Peru,,0,0,0,0,0,0,0,0,0,0,0,0,0,0,0,0,0,0,0,0,0,0,0,0,0,0,0,0,0,0,0,0,0,0,0,0,0,0,0,0,0,0,0,0,1,1,6,7,11,11,15,28,38,43,86,117,145,234,234,318,363,395,416
Philippines,,0,0,0,0,0,0,0,0,1,1,1,2,2,2,2,2,3,3,3,3,3,3,3,3,3,3,3,3,3,3,3,3,3,3,3,3,3,3,3,3,3,3,3,3,5,6,10,20,33,49,52,64,111,140,142,187,202,217,230,307,380,462,552
Poland,,0,0,0,0,0,0,0,0,0,0,0,0,0,0,0,0,0,0,0,0,0,0,0,0,0,0,0,0,0,0,0,0,0,0,0,0,0,0,0,0,0,0,1,1,5,5,11,16,22,31,49,68,103,119,177,238,251,355,425,536,634,749,901
Portugal,,0,0,0,0,0,0,0,0,0,0,0,0,0,0,0,0,0,0,0,0,0,0,0,0,0,0,0,0,0,0,0,0,0,0,0,0,0,0,0,0,2,2,5,8,13,20,30,30,41,59,59,112,169,245,331,448,448,785,1020,1280,1600,2060,2362
Qatar,,0,0,0,0,0,0,0,0,0,0,0,0,0,0,0,0,0,0,0,0,0,0,0,0,0,0,0,0,0,0,0,0,0,0,0,0,0,0,1,3,3,7,8,8,8,8,15,18,24,262,262,320,337,337,439,439,452,460,470,481,494,501,526
Romania,,0,0,0,0,0,0,0,0,0,0,0,0,0,0,0,0,0,0,0,0,0,0,0,0,0,0,0,0,0,0,0,0,0,0,0,1,1,3,3,3,3,3,4,6,9,9,15,15,25,45,49,89,123,131,158,184,260,277,308,367,433,576,794
Russia,,0,0,0,0,0,0,0,0,0,2,2,2,2,2,2,2,2,2,2,2,2,2,2,2,2,2,2,2,2,2,2,2,2,2,2,2,2,2,2,2,3,3,3,4,13,13,17,17,20,20,28,45,59,63,90,114,147,199,253,306,367,438,495
Rwanda,,,,,,,,,,,,,,,,,,,,,,,,,,,,,,,,,,,,,,,,,,,,,,,,,,,,,,1,1,5,7,8,8,17,17,19,36,40
Saint Lucia,,,,,,,,,,,,,,,,,,,,,,,,,,,,,,,,,,,,,,,,,,,,,,,,,,,,,,1,1,2,2,2,2,2,2,2,3,3
Saint Vincent and the Grenadines,,,,,,,,,,,,,,,,,,,,,,,,,,,,,,,,,,,,,,,,,,,,,,,,,,,,,,1,1,1,1,1,1,1,1,1,1,1
San Marino,,0,0,0,0,0,0,0,0,0,0,0,0,0,0,0,0,0,0,0,0,0,0,0,0,0,0,0,0,0,0,0,0,0,0,0,0,1,1,1,1,8,10,16,21,21,23,36,36,51,62,69,80,80,92,109,109,119,119,144,144,160,187,187
Saudi Arabia,,0,0,0,0,0,0,0,0,0,0,0,0,0,0,0,0,0,0,0,0,0,0,0,0,0,0,0,0,0,0,0,0,0,0,0,0,0,0,0,0,1,1,1,5,5,5,11,15,20,21,45,86,103,103,118,171,171,274,344,392,511,562,767
Senegal,,0,0,0,0,0,0,0,0,0,0,0,0,0,0,0,0,0,0,0,0,0,0,0,0,0,0,0,0,0,0,0,0,0,0,0,0,0,0,0,0,1,2,4,4,4,4,4,4,4,4,4,10,10,10,24,26,31,31,38,47,67,79,86
Serbia,,0,0,0,0,0,0,0,0,0,0,0,0,0,0,0,0,0,0,0,0,0,0,0,0,0,0,0,0,0,0,0,0,0,0,0,0,0,0,0,0,0,0,0,0,1,1,1,1,5,12,19,35,46,46,55,65,83,103,135,171,222,249,303
Seychelles,,,,,,,,,,,,,,,,,,,,,,,,,,,,,,,,,,,,,,,,,,,,,,,,,,,,,,2,2,3,4,4,6,7,7,7,7,7
Singapore,,0,1,3,3,4,5,7,7,10,13,16,18,18,24,28,28,30,33,40,45,47,50,58,67,72,75,77,81,84,84,85,85,89,89,91,93,93,93,102,106,108,110,110,117,130,138,150,150,160,178,178,200,212,226,243,266,313,345,385,432,455,509,558
Slovakia,,0,0,0,0,0,0,0,0,0,0,0,0,0,0,0,0,0,0,0,0,0,0,0,0,0,0,0,0,0,0,0,0,0,0,0,0,0,0,0,0,0,0,0,0,1,1,3,3,7,10,16,32,44,54,63,72,105,123,137,178,185,186,204
Slovenia,,0,0,0,0,0,0,0,0,0,0,0,0,0,0,0,0,0,0,0,0,0,0,0,0,0,0,0,0,0,0,0,0,0,0,0,0,0,0,0,0,0,0,0,2,7,7,16,16,31,57,89,141,181,219,253,275,275,286,341,383,414,442,480
Somalia,,,,,,,,,,,,,,,,,,,,,,,,,,,,,,,,,,,,,,,,,,,,,,,,,,,,,,,,1,1,1,1,1,1,1,1,1
South Africa,,0,0,0,0,0,0,0,0,0,0,0,0,0,0,0,0,0,0,0,0,0,0,0,0,0,0,0,0,0,0,0,0,0,0,0,0,0,0,0,0,0,0,0,1,1,1,3,3,7,13,17,24,38,51,62,62,116,150,202,240,274,402,554
Spain,,0,0,0,0,0,0,0,0,0,0,1,1,1,1,1,1,1,1,2,2,2,2,2,2,2,2,2,2,2,2,2,2,2,2,6,13,15,32,45,84,120,165,222,259,400,500,673,1073,1695,2277,2950,5232,6391,7844,9942,11748,13910,20410,25374,28572,33089,35136,39885
Sri Lanka,,0,0,0,0,0,1,1,1,1,1,1,1,1,1,1,1,1,1,1,1,1,1,1,1,1,1,1,1,1,1,1,1,1,1,1,1,1,1,1,1,1,1,1,1,1,1,1,1,1,2,2,6,10,11,28,44,51,60,73,77,82,97,102
Sudan,,,,,,,,,,,,,,,,,,,,,,,,,,,,,,,,,,,,,,,,,,,,,,,,,,,,,1,1,1,1,1,2,2,2,2,2,2,3
Suriname,,,,,,,,,,,,,,,,,,,,,,,,,,,,,,,,,,,,,,,,,,,,,,,,,,,,,,1,1,1,1,1,1,4,4,5,5,7
Sweden,,0,0,0,0,0,0,0,0,0,1,1,1,1,1,1,1,1,1,1,1,1,1,1,1,1,1,1,1,1,1,1,1,1,1,1,2,7,7,12,14,15,21,35,94,101,161,203,248,326,461,620,814,961,1022,1103,1190,1279,1439,1639,1763,1934,2046,2286
Switzerland,,0,0,0,0,0,0,0,0,0,0,0,0,0,0,0,0,0,0,0,0,0,0,0,0,0,0,0,0,0,0,0,0,0,0,1,1,8,8,18,27,42,56,90,114,214,268,337,374,491,652,858,1139,1359,2200,2200,2700,3028,4075,5294,6575,7245,8795,9877
Syria,,,,,,,,,,,,,,,,,,,,,,,,,,,,,,,,,,,,,,,,,,,,,,,,,,,,,,,,,,,,,,1,1,1
Taiwan*,,1,1,3,3,4,5,8,8,9,10,10,10,10,11,11,16,16,17,18,18,18,18,18,18,18,20,22,22,23,24,26,26,28,30,31,32,32,34,39,40,41,42,42,44,45,45,45,45,47,48,49,50,53,59,67,77,100,108,135,153,169,195,215
Tanzania,,,,,,,,,,,,,,,,,,,,,,,,,,,,,,,,,,,,,,,,,,,,,,,,,,,,,,,,1,1,3,6,6,6,12,12,12
Thailand,,2,3,5,7,8,8,14,14,14,19,19,19,19,25,25,25,25,32,32,32,33,33,33,33,33,34,35,35,35,35,35,35,35,35,37,40,40,41,42,42,43,43,43,47,48,50,50,50,53,59,70,75,82,114,147,177,212,272,322,411,599,721,827
Timor-Leste,,,,,,,,,,,,,,,,,,,,,,,,,,,,,,,,,,,,,,,,,,,,,,,,,,,,,,,,,,,,,,1,1,1
Togo,,0,0,0,0,0,0,0,0,0,0,0,0,0,0,0,0,0,0,0,0,0,0,0,0,0,0,0,0,0,0,0,0,0,0,0,0,0,0,0,0,0,0,0,0,1,1,1,1,1,1,1,1,1,1,1,1,1,1,9,16,16,18,20
Trinidad and Tobago,,,,,,,,,,,,,,,,,,,,,,,,,,,,,,,,,,,,,,,,,,,,,,,,,,,,,,2,2,4,5,7,9,9,49,50,51,57
Tunisia,,0,0,0,0,0,0,0,0,0,0,0,0,0,0,0,0,0,0,0,0,0,0,0,0,0,0,0,0,0,0,0,0,0,0,0,0,0,0,0,0,0,0,1,1,1,1,2,2,5,7,7,16,18,18,20,24,29,39,54,60,75,89,114
Turkey,,0,0,0,0,0,0,0,0,0,0,0,0,0,0,0,0,0,0,0,0,0,0,0,0,0,0,0,0,0,0,0,0,0,0,0,0,0,0,0,0,0,0,0,0,0,0,0,0,0,1,1,5,5,6,18,47,98,192,359,670,1236,1529,1872
Uganda,,,,,,,,,,,,,,,,,,,,,,,,,,,,,,,,,,,,,,,,,,,,,,,,,,,,,,,,,,,,,1,1,9,9
Ukraine,,0,0,0,0,0,0,0,0,0,0,0,0,0,0,0,0,0,0,0,0,0,0,0,0,0,0,0,0,0,0,0,0,0,0,0,0,0,0,0,0,0,1,1,1,1,1,1,1,1,1,1,3,3,3,7,14,14,16,29,47,73,73,97
United Arab Emirates,,0,0,0,0,0,0,0,4,4,4,4,5,5,5,5,5,5,7,7,8,8,8,8,8,8,9,9,9,9,9,9,13,13,13,13,13,13,19,21,21,21,27,27,29,29,45,45,45,74,74,85,85,85,86,98,98,113,140,140,153,153,198,248
United Kingdom,Bermuda,,,,,,,,,,,,,,,,,,,,,,,,,,,,,,,,,,,,,,,,,,,,,,,,,,,,,,,,,,2,2,2,2,6,6
United Kingdom,Cayman Islands,,,,,,,,,,,,,,,,,,,,,,,,,,,,,,,,,,,,,,,,,,,,,,,,,,,,,,,1,1,1,3,3,3,3,5,6
United Kingdom,Channel Islands,0,0,0,0,0,0,0,0,0,0,0,0,0,0,0,0,0,0,0,0,0,0,0,0,0,0,0,0,0,0,0,0,0,0,0,0,0,0,0,0,0,0,0,0,0,0,0,0,1,2,2,2,2,3,6,6,6,11,14,32,32,36,36
United Kingdom,Gibraltar,0,0,0,0,0,0,0,0,0,0,0,0,0,0,0,0,0,0,0,0,0,0,0,0,0,0,0,0,0,0,0,0,0,0,0,0,0,0,0,0,0,0,1,1,1,1,1,1,1,1,1,1,1,1,1,3,8,10,10,10,15,15,15
United Kingdom,Isle of Man,,,,,,,,,,,,,,,,,,,,,,,,,,,,,,,,,,,,,,,,,,,,,,,,,,,,,,,,,,,1,1,5,13,23
United Kingdom,Montserrat,,,,,,,,,,,,,,,,,,,,,,,,,,,,,,,,,,,,,,,,,,,,,,,,,,,,,,,,,1,1,1,1,1,1,1
United Kingdom,,0,0,0,0,0,0,0,0,0,2,2,2,2,2,2,2,3,3,3,8,8,9,9,9,9,9,9,9,9,9,9,9,9,13,13,13,15,20,23,36,40,51,85,115,163,206,273,321,382,456,525,798,1140,1372,1543,1950,2626,2689,3983,5018,5683,6650,8077
Uruguay,,,,,,,,,,,,,,,,,,,,,,,,,,,,,,,,,,,,,,,,,,,,,,,,,,,,,,4,4,8,29,50,79,94,110,135,158,162
US,Alabama,,,,,,,,,,,,,,,,,,,,,,,,,,,,,,,,,,,,,,,,,,,,,,,,,,,,5,6,12,29,39,46,78,83,131,138,,
US,Alaska,,,,,,,,,,,,,,,,,,,,,,,,,,,,,,,,,,,,,,,,,,,,,,,,,,,,,,1,1,3,6,9,12,15,21,,
US,Arizona,0,0,0,0,1,1,1,1,1,1,1,1,1,1,1,1,1,1,1,1,1,1,1,1,1,1,1,1,1,1,1,1,1,1,1,1,1,1,1,1,1,1,1,1,2,4,4,4,6,9,9,9,12,12,18,20,27,45,78,118,152,,
US,Arkansas,0,0,0,0,0,0,0,0,0,0,0,0,0,0,0,0,0,0,0,0,0,0,0,0,0,0,0,0,0,0,0,0,0,0,0,0,0,0,0,0,0,0,0,0,0,0,0,0,0,1,6,6,12,16,22,22,33,62,96,122,165,,
US,California,0,0,0,0,2,2,2,2,2,3,3,3,6,6,6,6,6,6,6,6,7,7,8,8,8,8,8,8,8,8,10,10,10,10,10,10,11,11,12,12,21,25,35,52,59,81,95,101,144,177,221,282,340,406,557,698,751,952,1177,1364,1642,,
US,Colorado,0,0,0,0,0,0,0,0,0,0,0,0,0,0,0,0,0,0,0,0,0,0,0,0,0,0,0,0,0,0,0,0,0,0,0,0,0,0,0,0,0,0,0,0,0,0,0,0,15,34,45,49,101,101,160,160,184,277,363,390,476,,
US,Connecticut,0,0,0,0,0,0,0,0,0,0,0,0,0,0,0,0,0,0,0,0,0,0,0,0,0,0,0,0,0,0,0,0,0,0,0,0,0,0,0,0,0,0,0,0,0,0,0,0,2,3,5,11,22,24,30,68,68,159,194,194,223,,
US,Delaware,0,0,0,0,0,0,0,0,0,0,0,0,0,0,0,0,0,0,0,0,0,0,0,0,0,0,0,0,0,0,0,0,0,0,0,0,0,0,0,0,0,0,0,0,0,0,0,0,0,1,1,4,6,6,8,16,19,30,38,45,47,,
US,Diamond Princess,0,0,0,0,0,0,0,0,0,0,0,0,0,0,0,0,0,0,0,0,0,0,0,0,0,0,0,0,0,0,0,0,0,36,36,42,42,44,44,44,45,45,45,45,45,45,45,45,46,46,46,46,46,46,47,47,47,47,49,49,49,,
US,District of Columbia,0,0,0,0,0,0,0,0,0,0,0,0,0,0,0,0,0,0,0,0,0,0,0,0,0,0,0,0,0,0,0,0,0,0,0,0,0,0,0,0,0,0,0,0,0,0,2,2,5,10,10,10,10,16,22,22,31,40,71,77,102,,
US,Florida,0,0,0,0,0,0,0,0,0,0,0,0,0,0,0,0,0,0,0,0,0,0,0,0,0,0,0,0,0,0,0,0,0,0,0,0,0,0,0,0,1,2,2,3,3,7,10,13,15,28,35,50,76,115,155,216,314,417,563,659,830,,
US,Georgia,0,0,0,0,0,0,0,0,0,0,0,0,0,0,0,0,0,0,0,0,0,0,0,0,0,0,0,0,0,0,0,0,0,0,0,0,0,0,0,0,0,2,2,2,3,6,5,10,17,23,31,42,66,99,121,146,199,287,420,507,600,,
US,Grand Princess,0,0,0,0,0,0,0,0,0,0,0,0,0,0,0,0,0,0,0,0,0,0,0,0,0,0,0,0,0,0,0,0,0,0,0,0,0,0,0,0,0,0,0,0,0,21,21,21,21,21,21,21,21,21,20,21,21,22,23,23,30,,
US,Guam,,,,,,,,,,,,,,,,,,,,,,,,,,,,,,,,,,,,,,,,,,,,,,,,,,,,,,3,3,3,5,12,14,15,27,,
US,Hawaii,0,0,0,0,0,0,0,0,0,0,0,0,0,0,0,0,0,0,0,0,0,0,0,0,0,0,0,0,0,0,0,0,0,0,0,0,0,0,0,0,0,0,0,0,0,0,0,0,2,2,2,2,4,6,7,10,14,16,26,37,48,,
US,Idaho,0,0,0,0,0,0,0,0,0,0,0,0,0,0,0,0,0,0,0,0,0,0,0,0,0,0,0,0,0,0,0,0,0,0,0,0,0,0,0,0,0,0,0,0,0,0,0,0,0,0,0,1,2,5,5,8,9,11,23,36,42,,
US,Illinois,0,0,1,1,1,1,1,1,1,2,2,2,2,2,2,2,2,2,2,2,2,2,2,2,2,2,2,2,2,2,2,2,2,2,2,2,2,2,2,3,4,4,4,5,5,6,7,7,12,25,32,46,64,66,105,161,162,422,585,753,1049,,
US,Indiana,0,0,0,0,0,0,0,0,0,0,0,0,0,0,0,0,0,0,0,0,0,0,0,0,0,0,0,0,0,0,0,0,0,0,0,0,0,0,0,0,0,0,0,0,1,1,2,3,6,11,13,13,16,20,25,30,39,60,86,128,201,,
US,Iowa,0,0,0,0,0,0,0,0,0,0,0,0,0,0,0,0,0,0,0,0,0,0,0,0,0,0,0,0,0,0,0,0,0,0,0,0,0,0,0,0,0,0,0,0,0,0,0,3,8,13,16,17,17,18,23,23,29,44,45,68,90,,
US,Kansas,0,0,0,0,0,0,0,0,0,0,0,0,0,0,0,0,0,0,0,0,0,0,0,0,0,0,0,0,0,0,0,0,0,0,0,0,0,0,0,0,0,0,0,0,0,0,0,0,1,1,1,5,8,8,11,18,18,34,44,57,64,,
US,Kentucky,0,0,0,0,0,0,0,0,0,0,0,0,0,0,0,0,0,0,0,0,0,0,0,0,0,0,0,0,0,0,0,0,0,0,0,0,0,0,0,0,0,0,0,0,1,1,1,4,6,8,10,14,14,18,21,26,27,37,47,87,99,,
US,Louisiana,0,0,0,0,0,0,0,0,0,0,0,0,0,0,0,0,0,0,0,0,0,0,0,0,0,0,0,0,0,0,0,0,0,0,0,0,0,0,0,0,0,0,0,0,0,0,0,0,1,6,19,36,77,91,136,196,257,392,538,585,837,,
US,Maine,0,0,0,0,0,0,0,0,0,0,0,0,0,0,0,0,0,0,0,0,0,0,0,0,0,0,0,0,0,0,0,0,0,0,0,0,0,0,0,0,0,0,0,0,0,0,0,0,0,0,0,1,3,6,17,32,42,52,56,70,89,,
US,Maryland,0,0,0,0,0,0,0,0,0,0,0,0,0,0,0,0,0,0,0,0,0,0,0,0,0,0,0,0,0,0,0,0,0,0,0,0,0,0,0,0,0,0,0,0,0,0,0,0,8,9,12,18,26,31,41,60,85,107,149,193,244,,
US,Massachusetts,0,0,0,0,0,0,0,0,0,0,1,1,1,1,1,1,1,1,1,1,1,1,1,1,1,1,1,1,1,1,1,1,1,1,1,1,1,1,1,1,1,2,2,2,6,6,22,22,41,95,108,123,138,138,197,218,218,328,413,525,646,,
US,Michigan,0,0,0,0,0,0,0,0,0,0,0,0,0,0,0,0,0,0,0,0,0,0,0,0,0,0,0,0,0,0,0,0,0,0,0,0,0,0,0,0,0,0,0,0,0,0,0,0,0,2,2,16,25,33,53,65,83,334,552,788,1037,,
US,Minnesota,0,0,0,0,0,0,0,0,0,0,0,0,0,0,0,0,0,0,0,0,0,0,0,0,0,0,0,0,0,0,0,0,0,0,0,0,0,0,0,0,0,0,0,0,0,0,0,0,3,5,9,14,21,35,54,60,77,89,115,138,169,,
US,Mississippi,0,0,0,0,0,0,0,0,0,0,0,0,0,0,0,0,0,0,0,0,0,0,0,0,0,0,0,0,0,0,0,0,0,0,0,0,0,0,0,0,0,0,0,0,0,0,0,0,0,0,1,1,6,6,13,21,34,50,80,140,207,,
US,Missouri,0,0,0,0,0,0,0,0,0,0,0,0,0,0,0,0,0,0,0,0,0,0,0,0,0,0,0,0,0,0,0,0,0,0,0,0,0,0,0,0,0,0,0,0,0,0,0,0,1,1,1,2,4,5,6,11,18,31,53,74,100,,
US,Montana,0,0,0,0,0,0,0,0,0,0,0,0,0,0,0,0,0,0,0,0,0,0,0,0,0,0,0,0,0,0,0,0,0,0,0,0,0,0,0,0,0,0,0,0,0,0,0,0,0,1,1,1,5,7,7,9,11,11,15,21,31,,
US,Nebraska,0,0,0,0,0,0,0,0,0,0,0,0,0,0,0,0,0,0,0,0,0,0,0,0,0,0,0,0,0,0,0,0,0,0,0,0,0,0,0,0,0,0,0,0,0,0,0,0,3,5,10,13,14,17,18,21,24,29,37,38,51,,
US,Nevada,0,0,0,0,0,0,0,0,0,0,0,0,0,0,0,0,0,0,0,0,0,0,0,0,0,0,0,0,0,0,0,0,0,0,0,0,0,0,0,0,0,0,0,0,0,0,0,0,4,7,14,17,21,21,45,56,55,95,114,161,190,,
US,New Hampshire,0,0,0,0,0,0,0,0,0,0,0,0,0,0,0,0,0,0,0,0,0,0,0,0,0,0,0,0,0,0,0,0,0,0,0,0,0,0,0,0,0,0,0,0,0,0,0,0,4,5,6,6,7,7,17,26,26,44,44,55,65,,
US,New Jersey,0,0,0,0,0,0,0,0,0,0,0,0,0,0,0,0,0,0,0,0,0,0,0,0,0,0,0,0,0,0,0,0,0,0,0,0,0,0,0,0,0,0,0,0,2,2,4,5,15,23,29,29,69,74,178,267,267,742,890,1327,1914,,
US,New Mexico,0,0,0,0,0,0,0,0,0,0,0,0,0,0,0,0,0,0,0,0,0,0,0,0,0,0,0,0,0,0,0,0,0,0,0,0,0,0,0,0,0,0,0,0,0,0,0,0,0,3,5,10,10,13,17,23,23,35,43,43,57,,
US,New York,0,0,0,0,0,0,0,0,0,0,0,0,0,0,0,0,0,0,0,0,0,0,0,0,0,0,0,0,0,0,0,0,0,0,0,0,0,0,0,0,1,2,11,23,36,76,106,142,150,220,328,421,525,729,967,1706,2495,5365,8310,11710,15793,,
US,North Carolina,0,0,0,0,0,0,0,0,0,0,0,0,0,0,0,0,0,0,0,0,0,0,0,0,0,0,0,0,0,0,0,0,0,0,0,0,0,0,0,0,0,0,0,0,0,0,0,0,7,7,15,17,24,32,38,64,70,123,172,253,302,,
US,North Dakota,0,0,0,0,0,0,0,0,0,0,0,0,0,0,0,0,0,0,0,0,0,0,0,0,0,0,0,0,0,0,0,0,0,0,0,0,0,0,0,0,0,0,0,0,0,0,0,0,0,0,1,1,1,1,1,3,6,18,19,28,28,,
US,Ohio,0,0,0,0,0,0,0,0,0,0,0,0,0,0,0,0,0,0,0,0,0,0,0,0,0,0,0,0,0,0,0,0,0,0,0,0,0,0,0,0,0,0,0,0,0,0,0,0,3,4,5,13,26,30,50,67,86,119,173,248,355,,
US,Oklahoma,0,0,0,0,0,0,0,0,0,0,0,0,0,0,0,0,0,0,0,0,0,0,0,0,0,0,0,0,0,0,0,0,0,0,0,0,0,0,0,0,0,0,0,0,0,0,0,0,2,2,2,2,4,4,10,19,19,44,49,53,67,,
US,Oregon,0,0,0,0,0,0,0,0,0,0,0,0,0,0,0,0,0,0,0,0,0,0,0,0,0,0,0,0,0,0,0,0,0,0,0,0,0,0,1,1,3,3,3,3,3,6,14,14,15,19,24,30,32,36,39,66,68,88,114,114,161,,
US,Pennsylvania,0,0,0,0,0,0,0,0,0,0,0,0,0,0,0,0,0,0,0,0,0,0,0,0,0,0,0,0,0,0,0,0,0,0,0,0,0,0,0,0,0,0,0,0,2,2,6,7,12,16,22,41,47,47,77,112,152,206,303,396,509,,
US,Puerto Rico,,,,,,,,,,,,,,,,,,,,,,,,,,,,,,,,,,,,,,,,,,,,,,,,,,,,,3,3,5,5,5,5,14,21,23,,
US,Rhode Island,0,0,0,0,0,0,0,0,0,0,0,0,0,0,0,0,0,0,0,0,0,0,0,0,0,0,0,0,0,0,0,0,0,0,0,0,0,0,0,0,0,0,0,0,0,0,0,0,3,5,5,14,20,20,21,23,33,44,54,66,83,,
US,South Carolina,0,0,0,0,0,0,0,0,0,0,0,0,0,0,0,0,0,0,0,0,0,0,0,0,0,0,0,0,0,0,0,0,0,0,0,0,0,0,0,0,0,0,0,0,0,0,0,0,7,10,12,13,19,19,33,47,47,81,126,171,196,,
US,South Dakota,0,0,0,0,0,0,0,0,0,0,0,0,0,0,0,0,0,0,0,0,0,0,0,0,0,0,0,0,0,0,0,0,0,0,0,0,0,0,0,0,0,0,0,0,0,0,0,0,0,8,8,8,9,9,10,11,11,11,14,14,21,,
US,Tennessee,0,0,0,0,0,0,0,0,0,0,0,0,0,0,0,0,0,0,0,0,0,0,0,0,0,0,0,0,0,0,0,0,0,0,0,0,0,0,0,0,0,0,0,0,0,0,0,0,7,9,18,26,32,32,52,74,79,154,233,371,505,,
US,Texas,0,0,0,0,0,0,0,0,0,0,0,0,0,0,0,0,0,0,0,0,0,0,0,0,0,0,0,0,0,0,0,0,0,0,0,0,0,0,0,0,0,0,0,3,4,8,11,13,16,21,27,43,57,63,85,110,173,260,394,581,627,,
US,United States Virgin Islands,,,,,,,,,,,,,,,,,,,,,,,,,,,,,,,,,,,,,,,,,,,,,,,,,,,,,1,1,1,2,2,3,3,29,6,,
US,US,,,,,,,,,,,,,,,,,,,,,,,,,,,,,,,,,,,,,,,,,,,,,,,,,,,,,,,,,,,,,1,,
US,Utah,0,0,0,0,0,0,0,0,0,0,0,0,0,0,0,0,0,0,0,0,0,0,0,0,0,0,0,0,0,0,0,0,0,0,0,0,0,0,0,0,0,0,0,0,0,0,0,0,2,3,5,9,10,24,39,51,51,80,78,6,181,,
US,Vermont,0,0,0,0,0,0,0,0,0,0,0,0,0,0,0,0,0,0,0,0,0,0,0,0,0,0,0,0,0,0,0,0,0,0,0,0,0,0,0,0,0,0,0,0,0,0,0,0,1,1,2,2,5,5,12,12,18,22,29,136,52,,
US,Virginia,0,0,0,0,0,0,0,0,0,0,0,0,0,0,0,0,0,0,0,0,0,0,0,0,0,0,0,0,0,0,0,0,0,0,0,0,0,0,0,0,0,0,0,0,0,0,0,0,7,9,17,30,41,45,49,67,77,99,122,156,221,,
US,Washington,1,1,1,1,1,1,1,1,1,1,1,1,1,1,1,1,1,1,1,1,1,1,1,1,1,1,1,1,1,1,1,1,1,1,1,1,1,1,7,11,18,27,39,70,78,102,122,162,267,366,442,568,572,642,904,1076,1014,1376,1524,1793,1996,,
US,West Virginia,0,0,0,0,0,0,0,0,0,0,0,0,0,0,0,0,0,0,0,0,0,0,0,0,0,0,0,0,0,0,0,0,0,0,0,0,0,0,0,0,0,0,0,0,0,0,0,0,0,0,0,0,0,0,0,1,1,2,7,8,12,,
US,Wisconsin,0,0,0,0,0,0,0,0,0,0,0,0,0,0,0,0,0,0,0,0,0,0,0,0,0,0,0,0,0,0,0,0,0,0,0,0,0,0,0,0,0,0,0,0,0,0,0,0,3,6,8,19,27,28,47,72,92,159,207,282,381,,
US,Wyoming,0,0,0,0,0,0,0,0,0,0,0,0,0,0,0,0,0,0,0,0,0,0,0,0,0,0,0,0,0,0,0,0,0,0,0,0,0,0,0,0,0,0,0,0,0,0,0,0,0,0,1,1,2,3,3,11,15,18,19,23,24,,
Uzbekistan,,,,,,,,,,,,,,,,,,,,,,,,,,,,,,,,,,,,,,,,,,,,,,,,,,,,,,,1,6,10,15,23,33,43,43,46,50
Venezuela,,0,0,0,0,0,0,0,0,0,0,0,0,0,0,0,0,0,0,0,0,0,0,0,0,0,0,0,0,0,0,0,0,0,0,0,0,0,0,0,0,0,0,0,0,0,0,0,0,0,0,0,0,2,8,17,33,36,42,42,70,70,77,84
Vietnam,,0,2,2,2,2,2,2,2,2,2,6,6,8,8,8,10,10,13,13,14,15,15,16,16,16,16,16,16,16,16,16,16,16,16,16,16,16,16,16,16,16,16,16,16,16,18,30,30,31,38,39,,53,56,61,66,75,85,91,94,113,123,134
Zambia,,,,,,,,,,,,,,,,,,,,,,,,,,,,,,,,,,,,,,,,,,,,,,,,,,,,,,,,,,2,2,2,2,3,3,3
Zimbabwe,,,,,,,,,,,,,,,,,,,,,,,,,,,,,,,,,,,,,,,,,,,,,,,,,,,,,,,,,,,,1,3,3,3,3